,CURROPER
7690,True
6829,True
123,False
2423,True
2438,True
4383,True
3009,True
3188,True
1344,False
42,False
2378,False
2807,True
6316,True
3727,True
3327,True
6516,False
8956,True
9310,True
4537,True
3076,True
4084,True
9092,True
252,False
9056,True
9429,True
621,False
6779,True
293,False
2489,True
2484,True
10179,False
4942,True
1934,False
5818,True
3863,True
8355,True
6306,True
9157,True
4127,True
2397,True
2544,True
8203,True
7479,True
4858,True
6278,True
1951,False
9357,True
6859,True
5015,True
7260,True
2350,False
6042,True
5893,True
9298,True
9453,True
8038,True
5601,True
6503,True
318,False
1172,False
9087,True
3432,True
6978,True
2884,True
8395,True
4632,True
9332,True
889,False
3454,True
6555,True
1734,False
7104,True
1417,False
7017,True
873,False
6288,True
6044,True
5585,True
4812,True
430,False
773,False
8859,True
516,False
9185,True
7204,False
5333,True
2131,False
689,False
3623,False
7750,True
627,False
2692,True
6598,True
4192,True
3749,True
2587,True
6747,True
656,False
2048,False
6872,True
1199,False
3477,True
9806,True
5578,True
1357,False
1769,False
7233,True
8987,True
5834,True
7370,True
6054,True
7793,True
7903,True
9861,True
996,False
3891,True
4627,False
1737,False
5665,True
5733,True
9076,True
4550,True
3147,True
5919,True
7812,True
8457,True
6833,True
880,False
1113,False
2117,False
1445,False
3912,True
2152,False
2626,True
3543,True
5988,True
7713,True
948,False
3349,True
5616,True
6635,True
8554,True
1844,False
6299,True
4796,True
190,False
9195,True
2317,False
7496,True
1597,False
1151,False
2435,True
7939,True
7764,True
5054,True
3915,True
7579,True
3114,True
1922,False
2793,True
6863,True
8347,True
10116,True
3990,True
6866,True
2021,False
9647,True
5196,True
8481,True
180,False
6082,False
4815,True
7540,True
9446,True
9379,True
8219,True
6052,True
5975,True
3508,True
1603,False
266,False
5097,True
705,False
2726,True
3716,True
1340,False
9260,True
3125,True
3616,True
5404,True
3458,True
7301,True
7969,True
1736,False
6523,True
8510,True
460,False
1335,False
9763,True
9524,True
7965,True
7825,False
2941,True
10111,True
110,False
542,False
5648,True
9094,True
6896,True
9878,True
5646,True
1753,False
3905,True
6370,True
9305,True
595,False
3504,True
3598,True
4835,True
8809,True
9650,False
4694,True
1791,False
5507,True
914,False
9327,True
458,False
7890,True
1272,False
938,False
2405,True
5625,True
4776,True
9605,True
7549,True
5815,True
8340,True
6522,True
3596,True
9554,True
6995,True
7944,True
581,False
3057,True
5999,True
398,False
3310,True
5427,True
7143,True
5848,True
6742,True
1839,False
9858,True
2020,False
6460,True
4376,True
4558,True
2904,True
9138,True
2636,True
6679,True
4209,True
8866,True
1279,False
1483,False
4113,True
4895,True
4740,True
1163,False
1666,False
9919,True
6258,True
8313,True
909,False
1707,False
6413,True
3553,True
6653,True
6721,True
198,False
501,False
3220,True
3157,True
6234,True
2805,True
4393,True
5107,True
6352,True
8675,True
4801,True
7084,True
6091,True
4050,True
9623,True
9601,True
1607,False
9642,True
679,False
6511,True
9390,False
4877,True
4803,True
10037,True
5763,True
5089,True
2379,False
2866,True
4940,True
7943,True
6728,True
7879,True
6099,True
5043,True
3194,True
4965,True
6890,True
3429,True
7029,False
567,False
6267,True
3993,True
8733,True
6184,True
9794,True
1644,False
558,False
1639,False
8155,True
5926,True
9693,True
5979,True
1103,False
499,False
6965,True
8537,True
3229,True
7589,True
8495,True
5018,True
866,False
8110,True
2062,False
7564,True
3244,True
2501,True
9387,True
68,False
6969,True
2841,True
5655,True
9700,True
5481,True
8201,False
4429,True
7129,True
819,False
8370,True
8040,True
6260,True
4791,True
3701,True
6284,True
7352,False
7510,True
7662,True
7585,True
9097,False
4168,True
3521,True
5956,True
8946,True
3107,True
5088,True
3534,True
4742,True
6172,True
1919,False
1078,False
14,False
2112,False
3672,True
5673,True
7932,True
1370,False
2481,True
1454,False
6272,True
3700,True
1842,False
3138,True
857,False
1474,False
3141,True
6813,True
8452,True
2271,False
5706,True
1069,False
8456,True
9838,True
8233,False
6539,True
5433,True
5974,True
3573,True
4208,True
9122,True
7542,True
8599,True
8877,True
9513,False
5335,True
10065,True
1451,False
5656,True
1406,False
142,False
7847,True
9657,True
9706,True
1225,False
8191,False
8948,True
6007,True
5377,True
7357,True
8573,True
1562,False
6629,True
3165,True
6250,True
8764,True
6907,True
3341,True
4920,True
7634,True
6243,True
7736,True
4341,True
3405,True
5911,True
6596,True
1162,False
3698,True
8893,True
6353,True
5582,True
9178,False
397,False
5745,True
336,False
8696,True
3816,True
7216,True
112,False
4081,True
3195,True
5865,True
8656,True
3762,True
3515,True
4571,True
6563,True
1807,False
6943,False
659,False
3128,True
3774,True
4010,True
1059,False
570,False
5644,True
2222,False
7148,True
9898,True
2571,True
9207,True
4795,True
8625,True
309,False
916,False
4751,True
157,False
10189,False
9290,True
8971,True
8026,True
4254,True
4193,True
8613,True
390,False
2058,False
7327,True
6063,True
9669,True
7722,True
712,False
4419,True
9232,True
743,False
7985,True
7703,True
6269,True
9236,True
9407,True
2156,False
3899,True
9100,True
5419,True
718,False
4289,True
5384,True
4853,True
4223,True
7445,True
7533,True
2585,True
8206,False
4105,True
9229,True
5025,True
394,False
2388,False
8486,True
9585,True
746,False
7353,True
1594,False
7599,False
6768,True
4480,True
6450,True
5117,True
2906,True
2414,True
5255,True
81,False
5346,True
9780,True
2760,True
9808,True
3235,True
6106,True
224,False
8396,True
340,False
4166,True
1881,False
7705,True
6850,True
9438,True
4140,True
7110,True
25,False
3985,True
4194,True
5162,True
2594,True
1759,False
2496,True
8592,True
188,False
9998,True
655,False
7949,False
1256,False
5134,True
4226,True
7429,True
4422,True
4904,True
3389,True
7265,True
2563,True
720,False
1962,False
2867,True
223,False
294,False
4686,True
4496,True
7337,True
7904,True
10192,False
708,False
9497,True
4726,True
3771,True
2533,True
4221,True
9107,True
871,False
5087,True
7714,True
4916,True
8333,True
3542,True
4599,True
774,False
5600,True
1070,False
493,False
3037,True
7877,True
4608,True
8549,True
8787,True
1786,False
1985,False
2340,False
4799,True
207,False
6529,True
1729,False
2101,False
6681,True
2983,True
3994,True
5981,True
9163,False
2449,True
9697,True
6318,True
4282,True
9688,True
8293,True
2305,False
9508,True
4682,True
6781,True
5852,True
7521,True
6809,True
1517,False
8214,True
9580,True
4315,True
2746,True
7292,True
7627,True
7376,True
4829,True
2977,True
1476,False
7178,True
661,False
4655,True
5628,True
2235,False
956,False
8196,True
8826,True
4868,True
8849,True
8815,True
6398,True
7928,True
2912,True
4911,True
1578,False
6983,True
1274,False
4928,True
5217,True
3528,True
2113,False
10070,True
5105,True
4232,True
1275,False
9948,True
1161,False
7000,True
6773,True
4371,True
2121,False
8637,False
7271,False
538,False
8880,True
7466,True
888,False
2757,True
9883,True
2609,True
3882,True
9253,True
5500,True
1763,False
7791,True
4914,True
4253,True
1090,False
5522,True
3073,True
5513,True
2065,False
2604,True
6674,True
5192,True
8232,True
6192,True
217,False
3633,True
9012,True
569,False
114,False
2318,False
8305,True
5824,True
3874,True
4772,True
5200,True
7784,True
9081,True
6313,True
1800,False
3169,True
3297,True
3997,True
7169,True
8975,True
6023,True
8168,True
7164,True
6853,True
3151,True
2731,True
5355,True
7019,True
10048,True
2738,True
4883,True
4633,True
5910,True
9299,True
995,False
7236,True
1841,False
8588,True
4188,True
4533,True
8558,True
8302,True
7473,True
8824,True
9014,True
8520,True
3421,True
5197,True
3072,True
8063,True
8820,True
6506,True
993,False
562,False
9124,True
5463,True
4312,True
6084,True
7001,False
2189,False
2018,False
749,False
5334,True
3392,True
3082,True
3842,True
5223,True
8708,True
3647,True
6677,True
5042,True
7304,True
8331,True
1254,False
9544,True
6910,True
1787,False
3575,True
5964,True
5638,True
6221,False
1911,False
1977,False
91,False
1903,False
5122,True
5986,True
6015,True
3,False
1912,False
8012,True
9602,True
8979,True
4816,True
608,False
6446,True
4479,True
8179,True
8394,True
9269,True
7967,True
2505,True
4592,True
9875,True
7613,False
4963,True
4609,True
1564,False
2090,False
4713,True
6841,True
9953,True
5898,True
7439,False
10017,True
8348,True
6311,True
8721,False
3858,True
8857,True
6963,True
2574,True
7161,True
3298,True
5050,True
6774,True
1100,False
835,False
5046,True
3644,True
58,False
227,False
7580,True
2335,False
8187,True
4584,True
1523,False
3564,True
3648,True
3668,False
8100,True
1174,False
4976,True
1932,False
5022,True
171,False
7480,False
7652,True
3507,True
4440,True
4913,True
1686,False
3139,True
6208,True
6776,True
694,False
4952,True
5234,True
2628,True
119,False
3757,True
2151,False
2292,False
4130,True
6657,True
1012,False
1658,False
3992,True
3391,True
6536,True
2034,False
8124,True
9460,True
4103,True
2179,False
259,False
7228,True
6124,True
7583,True
8406,True
6492,True
1075,False
6834,True
9361,True
5440,True
1908,False
8430,True
9654,True
994,False
6906,True
6144,True
8122,True
5544,True
2660,True
7702,True
7734,True
9503,True
2430,True
927,False
1484,False
2110,False
8505,True
1859,False
781,False
1948,False
10127,True
2887,True
8139,True
1897,False
8962,True
2519,True
9525,True
5285,True
9247,True
4962,True
8716,True
7282,True
8247,True
1376,False
4781,True
2111,False
1446,False
6160,True
8717,True
1,False
8281,True
1280,False
8669,False
5102,True
5799,True
9725,True
8610,True
77,False
2238,False
700,False
862,False
1296,False
10117,True
8290,True
9307,False
245,False
4674,True
3683,True
9240,False
9543,True
6469,True
2320,False
3579,True
8150,True
1291,False
2737,True
2567,True
6951,True
9509,True
9452,True
9689,False
8813,True
5890,True
7170,True
9314,True
9750,True
7358,True
963,False
9244,True
8750,True
2843,True
6615,True
9209,True
6599,True
732,False
3551,True
7846,True
2917,True
3433,True
7833,True
7807,True
9282,True
6438,True
7998,True
373,False
9402,True
10002,True
7931,True
4292,True
8929,True
6719,True
2937,True
5321,True
9223,True
1449,False
6700,True
7237,True
7040,True
3758,True
911,False
6975,True
7600,True
8460,True
7994,False
7911,True
4311,True
6420,True
8279,True
3324,True
3179,True
103,False
2981,True
9193,True
7770,True
5207,True
342,False
9217,True
3783,True
415,False
8917,True
9962,True
8744,True
7539,True
8996,True
1887,False
12,False
2798,True
7206,True
3991,True
665,False
10029,True
6517,True
5802,True
2059,False
3435,True
3166,True
9011,True
7739,True
9343,True
7389,True
3136,True
6387,True
1015,False
6126,True
5044,True
1636,False
295,False
10154,False
148,False
8673,True
5635,False
5874,True
1181,False
6227,True
9813,True
9276,True
2801,True
7493,True
4747,True
9291,True
8317,True
783,False
5503,True
2286,False
5267,True
8180,True
4448,True
7314,True
2725,True
9417,True
3408,True
8006,True
2695,True
4406,True
9317,True
1019,False
2095,False
2486,True
9350,True
9027,False
1888,False
1836,False
5557,True
8039,True
3661,True
5929,True
3697,True
7650,True
3889,True
2416,True
5612,True
8516,True
839,False
2612,True
9613,True
1992,False
7433,True
6902,True
10121,True
6815,True
10056,True
2030,False
3743,True
658,False
9823,True
7462,True
5205,True
7762,True
6125,True
3585,True
4937,True
2103,False
7332,True
6933,True
9362,True
4718,True
2446,True
7023,True
10199,True
2593,True
8177,True
9416,True
10055,True
3189,True
2066,False
4267,True
272,False
4003,True
960,False
2761,True
2010,False
7490,True
6888,True
172,False
7767,True
2645,True
8595,True
7075,True
3246,True
4723,True
8791,True
9419,True
5311,True
2688,True
8188,True
7792,True
7484,True
8668,True
1869,False
78,False
6996,False
8624,True
6496,True
1473,False
1460,False
4980,False
8336,True
2644,True
9899,True
5137,True
8097,True
1584,False
1724,False
4231,True
9481,True
3307,True
5971,True
2285,False
10175,True
2521,True
5131,True
2120,False
9810,True
282,False
1656,False
7999,True
218,False
8631,True
1013,False
75,False
7766,True
2526,True
4887,True
5193,True
1492,False
9956,True
6796,True
5810,True
9994,True
1774,False
9222,True
4709,True
4759,True
1851,False
5219,True
1818,False
9841,True
3436,True
4433,True
522,False
3909,True
6597,True
6191,True
195,False
5816,True
7139,True
308,False
7455,True
8380,True
3684,True
7752,True
4201,True
8623,True
6814,True
2326,False
2371,False
6048,True
8231,True
160,False
9643,True
9160,True
65,False
7697,True
1991,False
1570,False
3442,True
84,False
130,False
1463,False
8411,True
8282,True
3741,True
9373,True
10124,True
1438,False
9604,True
4985,True
8106,True
4598,True
3958,True
9359,True
6203,True
4106,True
9363,True
5445,True
7728,True
8284,True
6199,True
2364,False
6835,True
5882,True
5468,True
451,False
7069,True
7675,True
9702,False
8814,True
6691,True
4251,True
8077,True
5769,False
4218,True
2579,True
8416,True
8358,True
146,False
7548,True
6571,True
8443,True
1134,False
6360,True
3619,True
8149,True
2875,True
1735,False
5150,True
525,False
9594,True
7063,True
8182,True
5669,True
7147,True
616,False
7632,True
2708,True
9844,True
184,False
9796,True
9355,True
7916,True
4271,True
9714,True
2999,True
5370,True
3163,True
3981,True
7535,True
9142,True
9680,True
6225,True
3925,True
4683,True
7514,True
3181,True
3597,True
7978,True
5789,True
7197,True
4578,True
6625,True
3904,True
965,False
9894,True
2913,True
5859,True
9611,True
7183,True
2676,True
8103,True
4933,True
4024,True
8914,True
2282,False
5074,True
1192,False
8085,True
8211,True
6989,True
3382,True
10171,True
1097,False
6121,True
6578,True
169,False
2837,False
7132,True
6921,True
3423,True
5750,True
7037,True
2830,True
9863,True
3029,True
1552,False
9079,True
9037,True
1294,False
1829,False
1371,False
6152,False
2796,True
1714,False
2245,False
1995,False
7923,True
9061,True
3479,True
8490,True
4056,True
6437,True
9816,True
94,False
8315,True
7761,True
5000,True
8798,True
585,False
7102,True
7968,True
3800,True
4689,True
9410,True
6171,True
2693,True
5475,True
6114,True
3060,True
5449,True
7941,True
4285,True
596,False
3754,True
957,False
34,False
2534,True
556,False
9395,True
1135,False
4398,True
1626,False
1950,False
7101,True
2421,True
6193,True
1643,False
5172,True
2712,True
1530,False
6846,True
4924,True
4169,True
5868,True
2963,True
5709,True
3177,True
6236,True
6065,True
4493,True
2039,False
3372,True
692,False
5881,True
2174,False
9364,True
6762,True
2854,True
6984,True
5927,True
8378,True
2141,False
2886,True
9200,True
9515,True
985,False
4344,True
3687,True
1399,False
9732,True
7808,False
3373,True
3094,True
8678,True
8158,True
6213,True
5897,True
5950,True
1373,False
412,False
8719,True
4242,True
2426,True
2919,False
2216,False
7512,True
4716,True
509,False
3588,True
7704,True
8276,True
3947,True
6392,True
6027,False
5139,True
4397,True
6632,True
1468,False
4366,True
5383,True
7899,True
8466,True
7082,True
3156,True
939,False
5331,True
6256,True
10098,False
8804,False
2368,False
5286,True
2555,True
4424,False
9239,True
2184,False
1248,False
8879,True
8897,True
1916,False
1383,False
8260,True
2073,False
210,False
4061,True
9992,True
7428,False
3399,True
7964,True
1324,False
4703,True
5811,True
3590,True
8376,True
6458,True
4548,True
367,False
2291,False
9996,True
4918,True
7495,True
7099,True
5168,True
7961,False
2648,True
1002,False
688,False
3635,True
5023,True
8385,True
6399,True
5096,True
9414,True
7621,True
1058,False
6430,True
4546,True
4999,True
6823,True
60,False
9912,True
5307,True
2938,True
4697,True
10069,True
7354,True
1031,False
4823,True
6714,True
4019,True
8257,True
6308,True
3250,True
6610,True
1355,False
8940,True
5963,True
9110,True
4342,True
6406,True
4935,True
4372,True
6388,True
2552,True
3728,True
4139,True
9707,True
7042,True
5713,True
1504,False
1215,False
9172,True
9571,False
5177,True
7920,True
9884,True
4948,True
9319,True
9730,True
5029,True
1022,False
1276,False
3366,True
453,False
6060,True
155,False
4245,True
9156,True
7245,True
2933,True
9485,True
1496,False
6105,True
3383,True
535,False
3702,True
6219,True
5439,True
3176,True
2846,True
9756,True
9206,True
7289,True
2383,False
467,False
547,False
5104,True
4818,True
2832,False
6,False
7747,True
8386,True
9778,True
9464,True
745,False
1845,False
10071,True
4151,True
9406,True
913,False
8409,True
8387,True
861,False
6239,True
9864,True
2443,True
9635,True
2739,True
3887,True
7780,True
7915,True
2944,True
1549,False
10123,True
8322,False
1796,False
4199,True
3002,True
6414,True
10140,True
2323,False
432,False
622,False
2652,True
9834,True
7790,True
8875,False
4235,True
9442,False
9655,True
643,False
129,False
54,False
4892,True
8267,True
43,False
8286,True
285,False
9615,True
9434,True
1380,False
2074,False
2045,False
7692,True
6200,True
9385,True
6324,True
1126,False
7045,True
6821,True
1990,False
1128,False
5183,True
3797,True
6286,True
6498,True
7350,True
6765,True
1624,False
1115,False
9870,True
346,False
3852,True
9882,True
8094,True
3914,True
8277,False
2367,False
1604,False
3344,True
1011,False
8860,True
7043,True
1565,False
9895,True
3224,True
5143,True
5651,True
3897,True
3761,True
5691,True
3065,True
5410,True
10023,True
2984,True
6118,True
2923,True
1385,False
1236,False
482,False
3418,True
1257,False
5485,True
7027,True
8341,True
2618,True
3201,True
3469,True
9969,False
1652,False
8018,False
8667,True
8779,True
5227,True
3837,True
6206,True
3118,True
7155,True
4730,True
1487,False
4741,True
6053,True
8855,True
3425,True
6305,True
2400,True
5265,True
6976,True
6477,True
9119,True
7403,True
1138,False
3086,True
8424,False
4089,True
6820,True
1006,False
8053,True
2582,True
9342,True
731,False
4498,True
6843,True
5739,True
6348,True
6638,True
3306,True
9500,True
703,False
4611,True
173,False
8048,True
521,False
3146,True
532,False
5982,True
5820,True
633,False
4701,True
7708,True
6745,True
52,False
3954,True
2275,False
8690,True
6617,True
6240,True
1886,False
7270,True
9533,True
7300,True
8107,True
5275,True
5166,True
6274,True
8976,True
2478,True
4236,True
1693,False
6562,True
5470,True
2889,True
4249,True
8548,True
92,False
1641,False
5696,True
8926,True
9686,False
6849,True
5239,True
9999,True
7989,True
2175,False
7924,True
8356,True
4606,True
9026,False
9586,True
258,False
5146,True
5807,True
2682,True
2874,True
2369,False
3602,True
7004,False
5276,True
3370,True
3225,True
4100,False
8621,True
1466,False
4243,True
4142,True
6381,True
3974,True
8189,True
7086,True
8175,True
7515,True
1033,False
9670,True
4173,True
5689,True
1365,False
6707,True
6680,True
1899,False
2384,False
4308,True
4356,True
3212,True
1536,False
1979,False
9790,True
1861,False
6345,True
410,False
3208,False
1743,False
5291,True
9127,True
6875,False
7112,True
8565,True
4512,True
5111,True
3173,True
4224,True
2161,False
637,False
2256,False
5954,True
283,False
1673,False
6924,True
3046,True
5128,True
992,False
9906,True
9274,True
6567,True
7882,True
6618,True
5024,True
3667,True
10094,True
8531,True
3004,True
574,False
6670,True
989,False
900,False
3496,True
7679,True
6181,True
9612,True
1216,False
2207,False
9656,True
9614,True
2905,True
5717,True
5101,True
6628,True
3862,True
466,False
10044,True
3785,True
4612,True
8959,True
8797,True
1558,False
6538,True
1407,False
5836,True
6116,True
8773,True
7315,False
3549,True
9964,True
8330,True
2373,False
2332,False
6530,True
6941,True
691,False
2810,True
5457,True
4641,True
2758,True
9179,True
8030,True
6419,True
7243,True
8598,True
5229,False
2511,True
3013,True
7537,True
7725,True
3509,True
8885,True
1550,False
332,False
4345,True
9833,True
33,False
10190,True
3503,True
5403,True
1657,False
9598,True
87,False
5374,True
10035,True
2023,False
6651,True
3110,True
838,False
3853,True
9377,True
7950,True
7826,True
7394,True
788,False
2970,True
1577,False
3097,True
5752,True
5116,True
5376,True
6154,True
9203,True
7460,True
7080,True
3034,True
6769,True
1241,False
675,False
2589,True
5546,True
7663,True
9051,False
2955,True
9279,True
4128,True
4699,True
9152,True
9836,True
4977,True
5866,False
6000,True
4452,True
4017,True
2338,False
5666,False
1295,False
6401,True
455,False
966,False
7062,True
3312,True
5536,True
4960,True
8986,True
153,False
3953,True
1065,False
2853,True
9133,False
2710,True
9320,True
3576,True
2003,False
6019,True
4212,True
3031,True
5253,True
4561,True
9241,True
5774,True
2206,False
5110,True
2346,False
8905,True
5297,True
2621,True
3854,True
1139,False
3787,True
1067,False
4323,True
9777,True
2976,True
2556,True
4239,True
3609,True
2615,True
1613,False
6732,True
9608,True
6864,True
8472,False
987,False
4059,True
9558,True
3025,True
1041,False
9698,True
649,False
921,False
564,False
7340,False
4246,True
7670,True
7436,True
759,False
3691,True
1822,False
8010,False
9640,False
3484,True
8644,True
9815,True
4145,True
10148,True
3706,True
1263,False
4156,True
618,False
9941,True
4673,True
3881,True
6112,True
7649,False
1300,False
2864,True
7199,True
9219,True
4486,True
750,False
6987,False
6626,True
431,False
4640,True
9997,True
325,False
4070,True
1038,False
2921,True
1009,False
8739,True
1206,False
2766,True
6886,True
4973,True
437,False
8904,True
8844,False
9572,True
8670,True
7404,True
5059,True
4110,True
7895,True
875,False
7562,True
5730,True
8529,True
9347,True
1297,False
5861,True
1222,False
7091,True
4159,True
8928,False
4390,True
9196,True
2303,False
3893,True
7614,True
8960,True
9592,True
5760,True
1461,False
3426,True
9771,True
40,False
1834,False
8910,True
4780,True
8654,True
10158,True
7759,True
8585,True
2677,True
9214,True
5959,True
3448,True
748,False
2107,False
2740,True
9052,True
7507,True
7665,True
5356,True
6143,True
3737,True
4604,True
605,False
6827,True
7133,True
9403,True
7926,True
1040,False
5554,True
10095,True
9783,True
4743,True
96,False
8156,True
8454,True
5918,True
1952,False
7742,True
8523,True
4126,True
9461,True
5158,True
4069,True
6157,True
407,False
2459,True
10013,True
9365,True
21,False
2283,False
6408,True
1439,False
6494,True
2104,False
7032,True
7842,True
3872,True
3792,True
7506,True
8199,True
7858,True
7609,True
2348,False
5623,False
2325,False
5587,True
8676,True
885,False
4189,True
4481,True
3929,True
9412,True
10152,False
9803,True
8083,False
7015,True
9923,True
2754,True
6967,True
724,False
1064,False
6167,True
3170,True
136,False
1725,False
8865,True
234,False
7286,True
5786,True
6251,True
4358,True
7254,True
797,False
2959,True
4257,True
1880,False
8339,True
3810,True
5189,True
4446,True
5086,True
3689,True
3583,True
4447,True
3782,True
199,False
8679,True
7156,True
4656,True
7863,True
668,False
1856,False
6736,True
6064,True
2241,False
2962,True
6782,True
2640,True
7727,True
804,False
2572,True
5731,True
4865,True
1283,False
8657,True
9630,True
5147,True
6789,False
534,False
317,False
3362,True
1094,False
3422,True
4898,True
8223,True
7554,True
1733,False
4597,True
55,False
10059,True
10000,True
3557,True
93,False
360,False
7837,True
7954,True
9966,True
4645,True
4368,True
8794,True
4568,True
6831,True
3535,True
1518,False
4293,True
9902,True
2473,True
1823,False
4079,True
4601,True
10075,True
6451,True
9773,True
9758,True
7641,True
739,False
7909,True
5357,True
555,False
6865,True
4258,True
8622,False
7415,True
1982,False
9458,True
5144,True
86,False
2548,True
6966,True
9422,False
2619,True
4586,True
8186,True
1133,False
5535,True
2339,False
312,False
9309,True
9331,True
3222,True
4155,True
9213,True
3251,True
4725,True
2250,False
7872,True
471,False
2022,False
4982,True
8655,True
5142,True
1232,False
9221,True
1967,False
5931,True
5008,True
8852,True
5891,True
9399,True
9397,True
3803,True
8080,True
3867,True
51,False
3986,True
5770,True
8927,True
6481,True
9673,True
70,False
3401,True
3523,True
4931,True
3359,True
7947,True
4945,True
4646,True
8442,True
2419,True
9245,False
5606,True
6912,True
2029,False
4082,True
10172,True
6339,True
5279,True
4482,True
5570,True
6488,True
7845,True
1854,False
1555,False
1366,False
1711,False
9287,True
9721,True
1802,False
6867,True
7453,True
8538,True
553,False
9016,True
6908,True
8777,True
6828,True
10086,True
427,False
8913,False
3205,True
2997,True
1542,False
520,False
9652,True
6675,True
3345,True
2888,True
1599,False
6627,True
7157,True
9755,True
8954,True
2163,False
1120,False
10003,True
6384,True
5369,True
9125,True
8367,True
842,False
1534,False
7912,True
8997,True
1023,False
624,False
2718,True
2510,True
8534,True
2097,False
2035,False
3427,True
7619,False
5922,True
6087,True
5862,True
5160,True
38,False
1327,False
1955,False
6263,True
9559,True
2404,True
5068,True
7755,True
10078,True
323,False
1077,False
2098,False
3719,True
8525,True
3016,True
3209,True
8504,True
9230,True
3240,True
4891,True
4530,True
7975,True
1571,False
8224,False
9078,True
5547,True
9480,True
3120,True
3498,True
4206,True
1145,False
4905,True
6344,True
5855,True
2254,False
738,False
7309,True
810,False
529,False
7544,True
7880,True
2365,False
1679,False
5796,True
2808,True
5595,True
6684,True
5645,True
1684,False
3199,False
8198,True
2027,False
5984,True
4025,True
3962,True
8035,True
3180,True
6648,True
5553,True
6028,True
8163,True
8509,True
10143,True
5705,True
2485,True
3916,True
3122,True
7375,True
1904,False
6175,True
5857,True
10115,True
2713,True
1054,False
8681,True
2495,True
5791,True
7827,True
2075,False
8555,True
5788,True
3505,True
5873,True
3951,False
9108,True
860,False
789,False
1739,False
1975,False
3972,True
2249,False
1505,False
3721,True
8707,True
6587,True
1354,False
2448,True
8967,True
5746,True
2071,False
5936,True
7194,True
2986,True
9210,True
8700,True
5484,True
133,False
1304,False
6573,True
4117,True
6900,True
7914,True
7781,True
3632,True
3592,True
5313,True
1403,False
851,False
6021,True
7995,True
9545,True
7661,True
4746,True
9617,True
2657,True
6025,True
9507,True
4007,True
4099,True
4,False
8104,True
4613,True
9277,True
4262,True
8935,True
8423,True
6300,True
6663,True
4643,True
6086,True
9759,True
9389,True
6616,True
2939,True
898,False
6029,True
1701,False
6550,True
9855,True
1709,False
3005,True
5998,True
10096,True
9540,True
9704,True
9495,True
6323,True
8955,True
5483,True
3729,True
5454,True
8724,True
8518,True
8765,True
4551,True
5216,True
7095,True
7744,True
2840,True
7355,True
2819,True
8800,True
315,False
2294,False
9143,True
419,False
6342,True
974,False
9201,True
4364,True
2361,False
4012,True
6189,True
5145,True
2996,True
9180,True
836,False
587,False
9867,True
3511,True
5095,True
1778,False
3692,True
9047,True
6108,True
1889,False
8479,True
2072,False
8774,True
4524,True
6334,True
7779,True
1485,False
3267,True
2641,True
5073,True
6295,True
5614,True
400,False
3857,True
296,False
947,False
6639,True
1271,False
6860,True
5494,True
4487,True
4782,True
9675,True
7386,True
5968,True
2664,True
9958,True
2724,True
8922,True
2119,False
2786,True
3234,True
5732,True
1840,False
9294,True
9579,True
3489,True
1337,False
8178,True
7432,True
9926,True
5768,True
122,False
3839,True
2324,False
4580,True
3304,True
5473,True
1391,False
1720,False
8197,False
3116,True
6394,True
6012,True
5446,True
2037,False
1782,False
9465,True
5712,True
8415,True
9148,True
1470,False
917,False
1499,False
5328,True
3946,True
8729,True
6505,True
4628,True
6526,False
7103,False
113,False
37,False
7463,True
7401,True
2417,True
3801,True
6729,True
2694,True
9130,False
6442,True
6744,True
6390,True
8408,True
7875,True
4085,True
3145,True
4165,True
6797,False
3198,True
9405,True
9629,True
1111,False
200,False
5827,True
5051,True
244,False
1917,False
6066,True
1071,False
2611,True
7938,True
3680,True
7212,True
1214,False
8239,True
3759,True
4719,True
1722,False
6491,True
5316,True
7081,True
6518,True
6795,True
375,False
9890,True
3746,True
4822,True
5397,True
6783,True
8493,True
9103,True
6893,True
4339,True
5466,True
7499,True
1028,False
7971,True
3973,True
991,False
9250,True
6892,True
5634,True
7527,True
3354,True
3775,True
5033,True
7789,True
3428,True
6759,True
9885,True
5347,True
2902,True
2380,False
1600,False
7437,True
2646,True
303,False
6454,True
9565,False
7508,True
9013,True
6553,True
1176,False
682,False
3707,True
2952,True
1472,False
8544,True
9154,True
3500,True
7036,True
2651,True
508,False
1783,False
2051,False
6270,True
2392,False
316,False
8602,True
3412,True
3270,True
867,False
9717,True
9321,True
2698,True
2145,False
6577,True
1000,False
1605,False
9930,True
8498,True
2686,True
9581,True
8170,True
5694,True
9463,True
2366,False
433,False
6709,True
4016,True
5980,True
1731,False
5588,True
5830,True
7930,True
6847,True
2137,False
5071,True
3506,True
8957,True
404,False
3167,True
4846,True
3255,True
2132,False
10038,True
9008,True
949,False
3753,True
3917,True
6178,True
4171,True
5721,True
2570,True
2581,True
5684,True
8252,True
6731,True
4671,True
9095,True
2855,True
6920,True
3475,True
4986,False
983,False
2973,True
834,False
5741,True
4387,True
5118,True
6246,True
7458,True
5426,True
7698,True
10170,True
488,False
4455,True
3291,True
6248,True
3241,True
554,False
1430,False
6801,True
812,False
5399,True
8785,True
7653,True
6418,True
549,False
3490,True
5541,True
4359,True
5442,True
5952,True
3786,True
6050,True
6282,True
2586,True
1678,False
3587,True
7754,True
2858,True
7359,True
1843,False
4964,True
2044,False
3092,True
7843,True
1201,False
4520,True
9345,True
2467,False
8210,True
10120,True
8019,True
5698,True
8295,True
3150,True
4373,True
8930,True
933,False
7525,True
9874,True
6953,False
5900,True
9413,True
7016,True
3841,True
5438,True
3627,True
7034,True
7642,True
8900,True
5711,True
7107,True
2783,True
438,False
2105,False
937,False
1346,False
1695,False
8056,True
88,False
73,False
5450,True
4724,True
1112,False
3845,True
968,False
3675,True
6931,True
183,False
6808,True
420,False
1866,False
2140,False
4917,True
8050,True
5048,True
4027,True
6233,True
3074,True
4665,True
6449,True
9270,True
1683,False
6216,True
473,False
2826,True
1173,False
264,False
66,False
1171,False
4093,True
1212,False
9599,True
584,False
5905,True
8129,True
384,False
209,False
9384,True
8723,True
5579,True
6382,True
9010,False
4150,True
8144,True
620,False
7438,True
3804,True
7800,True
1166,False
4441,True
1418,False
4556,True
6619,True
8082,False
5693,True
2665,True
3849,True
8547,True
5864,True
6030,True
10081,True
1670,False
6785,True
1740,False
2011,False
5198,True
5062,True
7694,True
5215,True
2086,False
7839,True
8630,True
2143,False
3730,True
505,False
3799,True
2453,True
8241,True
3452,True
8359,True
8527,True
2592,True
5005,True
2028,False
7363,True
497,False
1838,False
7958,True
1021,False
7109,True
4264,True
2991,True
9618,True
8691,True
8951,True
904,False
3329,True
8942,True
6800,True
8689,True
6633,True
10006,True
4617,True
5077,True
3906,True
10198,True
4783,True
358,False
2412,True
5734,True
3829,True
9318,True
6459,True
9150,True
2928,True
2451,True
8968,True
9220,True
5471,True
399,False
1682,False
7180,True
9722,True
6767,True
6031,True
7502,True
7098,True
2262,False
6940,True
6524,True
3217,True
7990,True
2791,True
2824,True
1311,False
3238,True
5006,True
324,False
3932,True
8227,False
3087,True
6362,True
6630,True
3317,True
2842,True
2358,False
9376,False
475,False
9551,True
2542,True
8522,True
4692,True
5076,True
4036,True
9889,True
269,False
6350,True
8314,True
3926,True
7191,True
5661,True
5392,True
6916,True
1165,False
1259,False
3630,True
4506,True
5785,True
7756,True
5488,True
9981,True
1186,False
1198,False
4095,True
9866,True
6977,True
376,False
4869,True
6520,True
9440,True
2942,True
8419,True
597,False
3196,True
704,False
8862,True
1710,False
7257,True
9820,True
4322,True
8453,True
5388,True
3105,True
7454,True
1898,False
7158,True
6036,True
1273,False
7603,True
8226,True
8065,True
8827,True
365,False
8458,True
988,False
3026,True
6205,True
1527,False
3123,True
2990,True
2491,True
8833,True
2893,True
9945,True
6403,True
9633,True
3248,True
8961,True
7316,True
232,False
9234,True
736,False
7908,True
4417,True
5314,True
7685,True
7068,True
9893,True
8375,True
1846,False
6073,True
9765,True
2124,False
1741,False
8580,True
7905,True
8822,True
3966,True
5408,True
6487,True
9194,True
9032,True
5324,True
1795,False
2910,True
7066,True
8758,True
9753,True
8101,True
1610,False
2118,False
3796,True
10066,True
1074,False
10160,True
8229,True
5610,True
1210,False
4092,True
8382,True
8121,True
1989,False
8337,True
7929,True
9147,True
4833,True
7757,True
7470,True
854,False
1007,False
10085,True
2590,True
1541,False
4006,True
7188,True
4403,True
9252,True
1155,False
1760,False
5225,True
2961,True
3289,True
6104,False
2549,True
3468,True
5341,True
7486,True
6429,True
7333,True
4225,True
3530,True
5653,True
1339,False
1557,False
8974,True
1464,False
7680,True
4080,True
79,False
159,False
2969,True
1790,False
9015,True
4862,True
1702,False
1984,False
1140,False
2690,True
2092,False
1810,False
4896,True
9435,True
8734,True
9114,True
9098,True
7758,False
7738,True
9609,False
1154,False
350,False
1196,False
8195,True
7334,True
8111,True
5728,True
102,False
1545,False
9955,True
9104,True
6612,True
10051,True
6266,True
6493,True
2232,False
9748,False
874,False
9308,True
1509,False
8781,True
5743,True
1805,False
2032,False
2849,True
3285,True
7195,True
662,False
632,False
450,False
9085,True
8743,True
6761,True
9538,True
1532,False
3636,True
3056,True
4813,True
5843,True
8556,True
2069,False
491,False
5710,True
2764,True
8710,True
816,False
1419,False
1342,False
3734,True
5293,True
6335,True
8131,True
1410,False
4319,True
6079,True
6545,True
2516,True
6895,True
641,False
2934,True
6919,True
8092,True
5129,True
697,False
701,False
5306,True
7227,True
4708,True
8780,False
4147,True
4773,True
8270,True
6475,True
1761,False
8932,True
1396,False
8162,True
182,False
9070,True
3907,True
2302,False
1160,False
8727,True
6927,True
5940,True
4714,True
1938,False
3736,True
5004,False
8060,True
10193,True
5603,True
698,False
4148,True
201,False
2084,False
6463,True
3211,True
5072,True
6917,False
855,False
9468,True
5326,True
4499,True
3237,True
8570,True
3175,True
2700,True
4626,True
9859,True
2171,False
4951,True
6938,True
6495,True
90,False
8666,True
6120,True
8819,True
5375,True
844,False
8883,True
4659,True
4946,True
9621,True
2856,True
7973,True
1143,False
6179,True
2857,True
215,False
416,False
3050,True
441,False
379,False
6945,True
719,False
1323,False
3007,True
6642,True
7387,True
1381,False
4297,True
4555,True
4585,True
4343,True
7297,True
9521,True
663,False
3142,True
1715,False
9115,False
2190,False
7100,True
1014,False
6548,True
9782,True
5909,True
9968,True
2376,False
3875,True
3485,True
4998,True
6427,True
1220,False
7120,True
8635,True
4466,True
8658,True
3443,True
6990,True
5766,True
4848,True
5243,True
1320,False
9667,True
1629,False
6695,True
676,False
1668,False
9057,True
4787,True
7857,True
6358,True
6038,True
459,False
5338,True
7089,True
3814,True
533,False
9668,True
1533,False
8982,True
3877,True
550,False
1491,False
9171,True
1235,False
5411,True
9871,True
7874,True
1362,False
7448,True
4409,True
6992,True
9792,True
6788,True
10021,True
8711,True
4415,True
10106,True
2229,False
5179,True
7247,True
8268,True
8011,True
1042,False
3824,True
9044,True
7849,True
1529,False
7196,True
7503,True
3533,True
6141,True
928,False
3870,True
715,False
9918,True
305,False
669,False
9025,False
6528,True
9671,True
2546,True
7324,True
8389,True
4313,True
6544,True
8109,True
3550,True
730,False
4691,True
1770,False
6289,True
2632,True
6540,True
1081,False
4929,True
6819,True
9850,True
7768,True
1308,False
5273,False
8906,True
6067,True
9366,True
2709,True
4114,True
7405,True
6132,True
5461,True
9426,True
3467,True
8652,True
7385,True
4051,True
7046,True
5432,True
1794,False
3996,True
7253,True
9293,True
4298,True
9311,True
6130,True
452,False
3230,True
7283,True
8647,True
6035,True
7361,True
3158,True
4352,True
7121,False
9187,True
10039,True
6222,True
2720,True
5167,True
7285,True
6287,True
3975,True
9547,False
8445,True
2447,True
8841,True
6040,False
4805,True
9935,True
8985,True
5742,True
8767,True
6329,True
4770,True
8001,True
7251,True
8738,True
5997,True
3219,True
2460,True
8705,True
7431,True
9812,False
1882,False
7513,True
7464,True
1268,False
9243,True
9284,True
561,False
3242,True
2055,False
5353,True
1316,False
8663,True
3510,True
5218,True
1819,False
9745,True
5716,True
2299,False
2440,True
413,False
5474,True
3556,True
8176,True
2566,True
832,False
4594,True
5901,True
784,False
2653,True
2847,True
9456,True
3967,True
2656,True
1924,False
2017,False
1037,False
3525,True
6557,True
2894,True
9486,False
3933,True
6521,True
755,False
1850,False
8487,True
9719,True
8760,True
4461,True
8217,False
5011,True
1618,False
4004,True
8812,True
3281,True
2518,True
3216,True
3044,True
9817,True
2753,False
7230,True
2707,True
2591,True
82,False
8033,True
7073,True
3364,True
8140,True
196,False
9471,True
6055,True
10047,True
507,False
7388,True
35,False
2094,False
2998,True
4234,True
8098,True
9473,True
8436,True
5805,True
7829,True
4186,True
9409,True
8680,True
4738,True
4259,True
6961,True
5958,True
9910,True
3614,True
9639,True
9595,True
2735,True
1808,False
2273,False
5962,True
4758,True
9448,True
5537,True
2399,True
3398,True
9159,True
3218,True
6317,True
8526,True
2041,False
3812,True
7267,True
8993,True
193,False
2992,True
4576,True
1623,False
7664,True
865,False
9589,True
5354,True
22,False
4993,True
6946,True
9764,True
5371,True
9326,True
4688,True
7683,True
5875,True
3069,True
9659,True
8310,False
2321,False
7050,True
2224,False
279,False
3760,True
9754,True
8243,True
7869,True
216,False
3451,True
8099,False
8266,True
3402,True
6655,True
6565,True
6547,True
4706,True
7689,True
9450,True
5447,True
4875,True
7893,True
8902,True
6215,True
6527,True
4545,True
2683,True
3132,True
7065,False
5406,True
6501,True
395,False
1647,False
8455,True
8651,True
912,False
5083,True
1890,False
1837,False
2968,True
2539,True
2013,False
7615,True
7085,True
3921,True
231,False
6649,True
9134,True
9226,True
443,False
2354,False
1114,False
9408,True
3381,True
7166,True
7597,True
498,False
5960,True
2201,False
8463,True
8309,False
8447,True
8869,True
39,False
5749,True
1556,False
7942,True
9967,True
7719,True
4026,True
666,False
2004,False
1959,False
4001,True
1242,False
5174,True
1910,False
576,False
10162,True
2290,False
7070,True
8256,True
4560,True
9479,True
2535,True
6479,True
9577,True
3752,True
3131,True
243,False
371,False
6149,True
1835,False
2129,False
7417,True
7709,True
9892,True
2182,False
9829,True
1390,False
7430,True
8507,True
5946,True
8298,True
3541,True
1001,False
10068,True
7516,True
1016,False
2314,False
3265,True
8136,True
2780,True
8854,True
9375,True
7263,True
7628,True
4947,True
7383,True
6650,True
9391,True
9329,True
2068,False
8713,True
5924,True
8070,True
2263,False
7522,True
3750,True
1404,False
964,False
3474,True
2869,True
2040,False
8062,False
117,False
6830,True
3835,True
2850,True
3487,True
1093,False
5599,True
1569,False
4930,True
2989,True
386,False
6702,True
1681,False
4273,True
7331,True
1638,False
2434,True
2614,True
8034,True
6140,True
8772,True
8759,True
1494,False
2187,False
6411,True
335,False
6173,True
9451,True
9430,True
4157,True
2680,True
5947,True
8323,True
495,False
1202,False
6312,True
6535,True
4381,True
513,False
5860,True
1853,False
4299,True
824,False
2064,False
8369,True
9369,True
5428,True
3476,True
9596,True
5094,True
5695,False
8004,True
9132,True
6722,True
1219,False
5817,True
1051,False
786,False
9437,True
9202,True
9510,True
8528,True
906,False
653,False
4528,True
3555,True
6932,True
2025,False
2543,True
4809,True
5409,True
2565,False
5259,True
7622,True
9191,True
5001,True
5455,True
7026,True
1432,False
5888,True
2281,False
9267,True
19,False
3546,True
7637,True
1612,False
2784,True
791,False
292,False
3868,True
7252,True
1328,False
5366,True
9017,True
1498,False
6129,True
10012,True
4144,True
864,False
3311,True
3999,True
422,False
7208,True
7546,False
392,False
2210,False
7711,True
3361,False
8722,True
7288,True
7511,True
5093,True
3713,True
8374,True
615,False
9951,True
6262,True
5977,True
3245,True
7520,True
7193,True
3936,True
9102,True
7524,True
6646,True
2479,True
310,False
7718,True
512,False
368,False
539,False
5222,True
2418,True
10136,True
6671,True
2885,True
5652,True
4391,True
3705,True
230,False
1801,False
147,False
6591,True
2176,False
2908,True
6465,True
7168,True
5719,True
5066,True
7841,True
5707,True
6341,True
6644,True
1066,False
8068,True
7322,True
6838,True
7459,True
9111,True
8166,True
9845,True
8530,True
5525,True
9393,True
3171,True
6476,True
3599,True
7064,True
2716,True
3519,True
7412,True
693,False
164,False
6661,True
9353,True
4675,True
8086,True
10128,True
9593,True
9000,True
9131,True
4729,True
3119,True
6010,True
8441,True
5581,True
2490,True
4459,True
3860,True
1227,False
7797,True
1147,False
9144,True
10183,True
7560,True
8969,True
9772,True
4734,True
9466,True
9979,True
9786,True
1153,False
2932,True
546,False
727,False
3910,True
8970,True
5795,True
356,False
7572,True
893,False
6891,True
9851,True
9713,True
9496,True
8015,True
4040,True
3012,True
7296,True
1811,False
5295,True
9002,True
3931,True
1659,False
2781,True
7848,True
5322,True
6059,True
1937,False
9167,True
1883,False
7124,True
9973,True
602,False
8606,True
1634,False
4553,True
3574,True
4573,True
769,False
10114,True
5667,True
9868,True
4449,True
2243,False
3676,True
278,False
120,False
9760,True
4988,True
9009,True
1885,False
7678,True
8089,False
374,False
9315,True
3363,True
406,False
5090,True
4731,True
6758,True
8754,True
7688,True
7594,True
465,False
5800,True
9960,True
3677,True
4702,True
2077,False
4587,True
2608,False
3089,True
4454,True
8401,True
6009,True
4615,True
7819,True
946,False
2194,False
2295,False
3554,True
8429,True
8025,True
5312,True
7241,True
8134,True
3638,True
8873,True
7886,True
5676,True
10061,True
4039,True
222,False
3806,True
2809,True
5477,True
8966,True
10031,True
3030,True
9096,True
7922,True
1255,False
333,False
6462,True
9701,True
6735,True
7545,True
174,False
4504,True
1706,False
6097,True
6473,True
3414,False
6145,True
10018,True
4468,True
442,False
2922,True
9676,True
1091,False
8220,True
4810,True
1616,False
5505,True
9489,True
2123,False
770,False
2896,True
8519,True
7348,True
1767,False
4991,True
9856,True
8172,True
4903,True
3010,True
2711,True
2804,True
9216,True
9928,True
9907,True
1728,False
6003,True
5237,True
4847,True
601,False
3682,True
7884,False
1631,False
1152,False
1987,False
7256,True
9182,False
1234,False
877,False
8446,True
3397,True
7092,False
5422,True
7536,True
9619,True
9073,True
3652,True
611,False
9,False
3067,True
7118,True
5589,True
8799,True
10103,True
6899,True
8718,True
575,False
3143,True
352,False
167,False
953,False
1265,False
3204,True
4263,True
5460,True
696,False
10185,True
3228,True
9024,True
2897,True
8368,True
2439,True
9822,True
8005,True
5170,True
4146,True
5559,True
3612,True
3780,True
5252,True
3231,True
4331,True
8811,True
5184,True
5780,True
8258,True
9826,True
7003,True
2230,False
8745,True
7127,True
5155,False
7024,True
706,False
2848,True
3626,True
2497,False
3723,True
8061,True
10191,True
7737,True
6431,True
1827,False
856,False
1150,False
1068,False
3121,True
6904,True
9035,True
3262,True
2078,False
10082,True
5382,True
2872,True
5435,False
6422,True
5726,True
9045,True
8790,True
2330,False
5387,True
9646,True
6397,True
2492,True
290,False
8605,True
5315,True
4704,True
6224,False
9848,False
9251,True
9911,True
3440,True
4228,True
322,False
863,False
753,False
3207,True
3330,True
1379,False
6686,True
8296,True
9723,True
1382,False
4167,True
2483,False
3540,True
469,False
768,False
5775,True
8274,True
9255,True
859,False
826,False
6174,True
240,False
1448,False
1704,False
815,False
8736,True
6856,True
7656,True
4890,True
4793,True
1809,False
10151,True
7175,True
7624,True
1804,False
2127,False
2551,True
3695,True
396,False
4695,True
6107,True
8566,True
5647,True
5574,True
7423,True
5914,True
1489,False
5650,True
5268,True
1188,False
7783,True
6146,True
3681,True
9177,True
1029,False
5880,True
6643,True
7279,True
2079,False
6854,True
2200,False
2647,True
8113,True
7225,True
9055,True
9840,True
6148,True
3790,True
9743,True
7203,True
5781,True
4763,True
1453,False
1973,False
5238,True
221,False
2500,True
4874,True
782,False
3742,True
4122,True
5123,True
4658,True
7946,True
8469,True
4925,True
385,False
2063,False
5106,True
1954,False
3028,True
5572,True
2547,True
3226,True
3445,True
8513,False
582,False
1261,False
8898,True
2702,True
8115,True
36,False
6093,True
6570,True
7850,False
2778,True
2457,True
5506,True
915,False
2597,True
3594,True
2883,True
9854,True
2466,True
256,False
3000,True
5290,True
5502,True
699,False
4888,True
9271,True
9472,True
6715,True
7868,True
5161,True
4047,True
8321,True
145,False
841,False
1441,False
8587,True
6660,True
8783,True
2696,True
5201,True
9401,True
2852,True
926,False
359,False
8301,True
1290,False
8484,True
3822,True
344,False
3059,True
5133,True
4834,True
9146,True
901,False
7181,True
1559,False
5148,True
3650,True
2730,True
9781,True
9340,True
2158,False
4981,True
2166,False
5524,True
4832,True
2868,True
8141,True
3908,True
8032,True
1826,False
4653,True
5115,True
9797,True
2821,True
7477,True
7395,True
6991,True
3693,True
3070,True
9537,True
1493,False
7607,True
3631,True
9904,True
8836,False
5235,True
341,False
7830,True
6652,True
9634,True
7093,True
7072,True
3410,True
2728,True
4970,True
10005,True
1764,False
2654,True
2588,True
5508,True
3938,True
8304,True
1705,False
1116,False
3406,True
10197,True
7318,True
8365,True
10057,True
436,False
3983,True
1457,False
7413,True
9469,True
478,False
4302,True
1896,False
7601,True
1102,False
8607,False
3284,True
5573,True
4974,True
3464,True
2289,False
7162,True
10144,True
6793,True
8023,True
5841,True
9620,True
7449,True
2790,True
6826,True
7335,True
8584,True
5529,True
7639,True
7701,True
5545,True
4329,True
551,False
3491,True
7876,True
2670,True
9289,True
1601,False
7313,True
1082,False
1751,False
9974,True
5833,True
8377,True
568,False
9048,True
9632,True
8357,True
7215,True
6844,True
9881,True
7398,True
8805,True
9645,True
1716,False
8371,False
660,False
10050,True
8983,True
7960,False
7888,True
6069,True
6238,True
7996,True
6606,True
3322,True
46,False
4304,True
8390,True
4290,True
9158,False
4388,True
6436,True
6542,True
5996,True
1331,False
5744,True
8821,True
8076,True
5367,True
10188,False
2890,True
5080,True
1429,False
2070,False
6464,True
4444,True
6641,True
5021,True
1319,False
8448,True
7566,True
1384,False
4013,True
9470,True
3979,True
1547,False
9199,True
5281,True
6378,True
9354,True
9584,True
7308,True
6816,True
2252,False
583,False
808,False
5967,True
3831,True
3662,True
3959,True
8064,True
9839,True
4158,True
1343,False
3833,True
8561,True
9715,True
4333,True
9129,True
8263,False
6365,True
4756,True
1723,False
881,False
9648,True
9949,True
879,False
2100,False
3343,True
5149,True
3083,True
6842,True
3950,True
7581,False
3825,True
4309,True
6693,True
2814,True
1284,False
6468,True
4762,True
165,False
219,False
4078,True
4579,True
2246,False
9837,True
751,False
7030,True
1665,False
5063,True
7538,True
2398,True
10163,True
962,False
4619,True
2829,True
7219,True
3293,True
3788,True
9126,True
5169,True
6058,True
137,False
1260,False
9550,True
3717,True
6780,True
1574,False
6032,True
4785,True
3978,True
2734,True
3214,True
7571,True
8116,True
6636,True
4721,True
4244,True
9965,True
5294,True
740,False
6669,True
9272,True
4922,True
6180,True
725,False
7681,True
6296,True
2862,True
6467,True
8119,True
5092,True
5902,True
5010,False
9128,False
1544,False
1359,False
9322,True
5659,True
6763,True
2806,True
8114,True
6361,True
4541,True
4614,True
5515,True
7806,True
4183,True
4856,True
5300,True
9799,True
7563,True
7529,True
942,False
4277,True
2150,False
5907,True
3133,True
3520,True
1738,False
571,False
2982,True
4162,True
1486,False
4521,True
4153,True
1325,False
8901,True
6723,True
9506,True
8941,True
9549,True
3466,True
1516,False
8438,True
4355,True
63,False
8435,True
8639,True
2360,False
931,False
4108,True
2631,True
3940,True
9961,True
8117,True
3823,True
2560,True
565,False
8432,True
6444,True
8084,True
6466,True
1752,False
685,False
8768,False
4518,True
6356,True
9674,True
7214,True
5112,True
6848,True
1757,False
5798,True
5558,True
5034,True
9093,True
8882,True
1221,False
1721,False
4851,True
1282,False
1581,False
9316,True
4745,True
8388,True
664,False
6508,True
3268,True
5961,True
3378,True
2668,True
7817,False
8372,True
4712,True
4160,True
6331,True
1875,False
9767,True
212,False
2356,False
1200,False
5569,True
1662,False
5320,True
6705,True
1526,False
1713,False
787,False
369,False
8255,True
5976,True
8042,True
4845,True
9280,True
6935,True
16,False
3733,True
9511,True
9982,True
4577,True
9891,True
382,False
6315,True
9137,True
8572,True
7835,True
9283,True
9641,True
7528,True
2389,False
5282,True
4727,True
1258,False
1447,False
8046,True
2475,True
1806,False
9235,True
3980,True
2116,False
10110,True
1940,False
1553,False
9304,True
9658,True
7079,True
7753,True
1084,False
6072,True
9381,False
5456,True
2769,True
5823,True
1465,False
1233,False
162,False
3561,True
5277,True
2341,False
7881,True
5736,True
8059,True
7238,True
1450,False
2061,False
7853,True
4900,True
9678,True
1528,False
3772,True
1923,False
4529,True
7006,True
6588,True
7720,True
7654,True
6595,True
3704,True
9950,True
2487,True
6504,True
9358,True
2531,True
6958,True
1191,False
5994,True
5762,True
6918,True
3272,True
9346,True
1228,False
10146,True
5754,True
5284,True
722,False
271,False
492,False
7044,True
1983,False
2835,False
1535,False
7202,False
7547,True
7672,True
6798,True
6443,True
3621,True
5928,True
8907,True
6077,True
9518,True
5566,True
5182,True
2415,True
3472,True
1125,False
1661,False
8148,True
6757,True
3358,True
2899,True
10011,True
2102,False
8872,True
3793,True
156,False
9067,True
2370,False
3779,True
3444,True
6676,True
6746,True
7451,True
523,False
3984,True
5987,True
9819,True
5697,True
1884,False
5560,True
8306,False
651,False
10030,True
6939,True
3106,True
8881,True
7326,True
3646,True
3620,True
6110,True
2108,False
7933,True
5373,True
5904,True
6006,True
9041,True
7150,True
211,False
76,False
131,False
4817,True
5305,False
2777,True
1044,False
3417,True
8431,True
2509,True
2820,True
6659,True
3456,True
1891,False
9080,True
2359,False
237,False
277,False
778,False
297,False
9631,True
1963,False
10135,True
5863,True
6499,True
405,False
1092,False
8379,True
6982,True
3512,True
9622,True
2900,True
5486,True
5538,True
6448,True
5847,True
6456,True
2334,False
5551,True
3777,True
7341,True
2099,False
7787,True
3539,True
2188,False
4379,True
1847,False
7488,True
4374,True
4350,True
126,False
9174,True
5119,True
2372,False
5945,True
8645,True
4200,True
7644,True
1628,False
5363,True
828,False
6706,True
7275,True
7987,True
1158,False
426,False
6832,True
762,False
2219,False
7693,True
3674,True
8908,True
2331,False
6290,True
7957,True
8699,True
9849,True
7630,True
2901,True
7422,True
6533,True
9493,True
4485,True
853,False
1169,False
6737,True
2042,False
5479,True
7586,True
4562,True
9449,True
8055,True
194,False
5052,True
4434,True
8629,True
2802,True
3027,True
10052,True
9687,True
9031,False
1828,False
10187,False
3895,True
7246,True
3095,True
7730,True
2381,False
8391,False
351,False
6811,True
3032,True
268,False
7190,True
3336,True
4294,True
1414,False
5487,True
5867,True
6851,True
6098,True
9400,True
8185,True
2374,False
1104,False
6581,True
9246,True
7201,True
4531,True
6726,True
2047,False
4854,True
7217,True
1925,False
3894,True
5108,True
301,False
2736,True
2242,False
7408,True
9341,True
10105,True
4897,True
3794,True
1238,False
2873,True
6310,True
2183,False
8459,False
10089,True
6223,True
1392,False
1348,False
1495,False
1592,False
7588,True
8988,True
6201,True
7450,True
6253,True
4497,True
837,False
7411,True
2553,True
9985,False
8540,True
10024,True
798,False
1409,False
3497,True
1589,False
8036,True
2891,True
4972,True
9038,True
5019,True
6806,True
6750,True
3918,True
4256,True
1299,False
362,False
9062,True
4502,True
10102,True
10118,True
1089,False
267,False
3088,True
9123,True
3368,True
3724,True
4198,False
1177,False
5165,True
9197,True
4901,True
2344,False
3977,True
8250,True
4761,True
3159,True
3883,True
6740,True
4009,True
684,False
9348,True
4338,True
2599,True
6876,False
8437,True
9372,True
6928,True
5075,True
5793,True
3531,True
3463,True
4291,True
9498,True
5840,True
1481,False
6552,True
4956,True
9238,True
1943,False
2503,True
2662,True
4679,True
3247,True
5254,True
5257,True
3416,True
7128,True
3066,True
4961,True
7862,True
3720,True
6165,True
6537,True
9830,True
1351,False
4582,True
9785,True
4413,True
7163,True
5180,True
7635,True
2789,True
1972,False
1980,False
9887,True
9153,True
2685,True
3712,True
1730,False
2429,True
4043,True
6551,True
4735,True
4301,True
23,False
5831,True
9425,True
6068,True
1664,False
5441,True
1239,False
4022,True
714,False
4384,True
6718,True
4647,True
2627,True
7676,True
1156,False
1602,False
2966,True
4423,True
1586,False
6346,True
3367,True
2870,True
6957,True
9478,True
4514,True
8806,True
5126,True
2311,False
979,False
2671,True
8289,True
3172,True
10119,True
709,False
843,False
2270,False
2211,False
6423,True
599,False
5787,True
5592,True
7748,True
487,False
4949,True
6507,True
5993,True
1386,False
9170,True
5627,True
3187,True
6988,True
242,False
4490,True
2385,False
8757,True
518,False
890,False
10083,True
7906,True
8502,True
5519,True
7896,True
6881,True
541,False
6807,False
8400,True
5135,True
1585,False
7802,True
5099,True
8475,True
6979,True
2715,True
5283,True
2144,False
6861,True
5892,True
9039,True
6497,True
6122,True
8533,True
9190,True
2016,False
4307,True
5396,True
3127,True
2733,True
1393,False
1226,False
4107,True
4215,True
6664,True
9681,True
6999,True
2008,False
2722,True
7240,True
9939,True
8271,True
5756,True
9927,True
9462,True
276,False
6575,True
8414,True
8319,True
2918,True
9474,False
3404,True
8009,True
4104,True
9679,True
5413,True
1400,False
6138,True
3517,True
10145,True
4661,True
5317,True
4365,True
2410,True
7276,True
7087,True
9916,True
4752,True
5555,True
4825,True
4057,True
2265,False
7052,True
4804,True
2180,False
3811,True
4120,True
1164,False
4349,True
8609,True
2639,True
4637,True
263,False
934,False
7126,True
8918,True
7311,True
6385,True
2015,False
6678,True
313,False
7552,True
2472,True
6889,True
8249,True
4859,True
9835,True
8571,True
8204,True
2988,True
9703,True
1907,False
9940,True
3434,True
2437,True
7378,True
5943,True
2287,False
2328,False
5748,True
5853,True
8381,True
5159,True
4789,True
3325,True
6247,True
3735,True
6322,True
5846,True
72,False
3252,True
1680,False
2507,True
7048,True
1072,False
4538,True
9995,True
6410,True
5937,True
756,False
5245,True
7640,True
8925,True
3813,True
4676,True
3328,True
5372,True
1237,False
8550,True
1803,False
8338,True
707,False
848,False
8159,True
8361,True
9018,True
4852,True
4722,True
2602,True
321,False
4138,True
944,False
7008,True
5342,True
5594,True
1957,False
4270,True
1849,False
5758,True
3071,True
7465,True
6433,True
6014,True
4065,True
3843,True
7022,True
5250,True
8915,True
6293,True
484,False
4213,True
7149,True
1745,False
7028,True
6211,True
3937,True
8634,True
10134,True
9768,True
5837,True
9443,True
6738,True
1246,False
617,False
2306,False
10054,True
3288,True
5678,True
9288,True
5584,True
1252,False
3584,True
7179,True
9261,False
6818,True
8536,True
254,False
2181,False
5339,True
1422,False
9301,True
1262,False
3819,True
9739,True
6541,True
2043,False
969,False
686,False
1873,False
2947,True
9306,False
6111,True
4088,True
5407,True
7775,True
9938,True
6764,True
4068,True
45,False
4764,True
9690,True
1909,False
5832,True
2309,False
7218,True
3342,True
270,False
8434,True
10080,True
9573,True
2024,False
1193,False
490,False
3527,True
3685,True
5221,True
3818,True
7014,True
6156,True
9770,True
8303,False
8205,True
4392,True
7633,False
9569,True
5532,True
2971,True
1018,False
6964,True
1209,False
10149,True
7575,True
2089,False
9744,True
1017,False
44,False
1502,False
3051,True
3963,True
9049,True
1653,False
1508,False
5985,True
4824,True
717,False
8095,True
8003,True
3249,True
3271,True
6512,True
2067,False
6257,True
5658,True
1918,False
5365,True
4210,True
1798,False
3968,True
2357,False
7559,True
9653,True
4941,True
4867,True
8287,True
4336,True
7060,True
6226,True
5266,True
3168,False
3903,True
4241,True
2946,True
3738,True
4202,True
3769,True
500,False
4196,True
2623,True
4879,True
5344,True
9542,True
6911,True
7726,True
1614,False
887,False
1690,False
7392,True
4011,True
5085,True
5722,False
4432,True
485,False
1405,False
4205,True
4347,True
9065,True
7774,True
3124,True
8014,True
894,False
7083,True
5308,True
2851,True
2278,False
9398,True
2512,True
1367,False
5194,True
7610,True
4037,True
1314,False
10184,True
970,False
8190,False
7745,True
9695,True
2882,True
8648,True
2622,True
2767,True
8193,False
1762,False
9433,True
6874,True
8832,True
4889,True
1671,False
347,False
6839,True
9112,True
9909,True
2396,True
7130,True
3851,True
7294,True
3809,True
3961,True
5772,True
5248,True
1302,False
1514,False
1968,False
1408,False
10090,True
4910,True
3321,True
4477,True
2925,True
2860,True
2502,True
8934,True
7115,True
370,False
4420,True
2822,True
6584,True
7948,True
6869,True
1771,False
9583,True
9934,True
8184,True
4527,True
1008,False
1635,False
8384,True
1946,False
3294,True
1020,False
803,False
734,False
1182,False
104,False
631,False
7980,True
607,False
4936,True
7584,True
2598,True
6576,True
125,False
3264,True
2624,True
9769,True
6047,True
3686,True
6605,True
3109,True
5301,True
403,False
4700,True
306,False
8577,True
6447,True
6589,True
5098,True
3976,True
5452,True
5272,True
286,False
7418,True
1063,False
1587,False
3840,True
8747,True
1560,False
4732,True
3360,True
4831,True
1435,False
2678,True
9720,True
5879,True
4539,True
8763,True
7310,True
4489,True
7198,True
1079,False
1750,False
1253,False
3581,True
7323,True
4950,True
4112,True
2811,True
4733,True
10132,True
1939,False
557,False
5214,True
4534,False
7749,True
9482,True
6102,True
3379,True
311,False
6490,True
6214,True
710,False
3513,True
3744,True
9162,True
2407,True
4414,True
1792,False
9040,True
6981,True
2675,True
1119,False
3949,True
4172,True
3690,True
4572,True
1462,False
943,False
4693,True
1377,False
2349,False
9590,True
9383,True
1217,False
457,False
7144,True
4669,True
695,False
1247,False
1350,False
7625,True
6687,True
9683,True
8145,True
3987,True
9802,False
9666,True
7626,True
5067,True
9275,True
4958,True
8524,True
9832,True
3781,True
6692,True
8194,True
9135,True
3384,True
9099,True
1076,False
1512,False
4125,True
3047,True
8823,True
5642,True
10025,True
4427,True
3266,True
3751,True
5181,True
2196,False
4058,True
9857,True
4382,True
2772,True
3333,True
6254,True
4570,True
4318,True
8421,True
7414,True
5621,True
4300,True
1411,False
8682,True
1096,False
9804,True
3100,True
2705,True
6572,True
2994,True
2471,True
2564,True
5636,True
1490,False
4536,True
3191,True
4806,True
984,False
6885,True
9824,True
648,False
6601,True
2649,True
849,False
2220,False
2,False
1088,False
7612,True
32,False
7172,True
1131,False
3040,True
1500,False
3206,True
1360,False
7096,True
7041,True
7303,True
10153,False
6913,True
3714,True
3045,True
4222,True
4849,True
8851,True
7111,True
7360,True
2681,True
891,False
1708,False
2577,True
9682,True
7200,True
7605,True
9198,True
6624,True
2420,True
8633,True
4320,True
3148,True
2203,False
4664,True
1266,False
4495,True
779,False
2391,False
5886,True
4346,True
10104,True
978,False
250,False
4032,True
2394,False
8829,True
9173,True
128,False
6559,True
5420,True
5489,True
6743,True
1781,False
9529,True
8146,True
7631,True
1149,False
4542,True
109,False
6574,False
6432,True
5580,True
127,False
7582,True
7025,True
7146,True
977,False
3930,True
515,False
8181,True
1497,False
6131,True
4176,True
5055,True
7213,True
8093,True
378,False
13,False
6366,True
6349,True
118,False
8407,True
8067,True
4438,True
5825,True
5605,True
6489,True
2831,True
1303,False
5091,True
2093,False
6868,True
4926,True
9411,True
6666,True
3494,True
7474,True
721,False
7277,True
5212,True
8346,True
5014,True
3279,True
3641,True
8164,True
2517,True
2297,False
5319,True
1627,False
932,False
5782,True
10100,False
5607,True
8043,True
8688,True
9258,True
4028,True
7140,True
7568,True
3419,True
3353,True
2213,False
8428,True
10131,True
4471,True
647,False
4181,True
1132,False
7743,True
5478,True
9800,True
4170,True
10196,True
4990,True
6018,True
9710,True
3747,True
2060,False
2833,False
7184,True
537,False
4881,True
3161,True
273,False
8288,False
2091,False
89,False
530,False
2550,True
4269,True
7367,True
1561,False
9242,True
1793,False
3913,True
6514,True
1345,False
9805,True
7424,True
9914,True
920,False
8840,True
7476,True
1640,False
9020,True
2525,True
1213,False
2661,True
28,False
4500,True
7517,True
677,False
2005,False
5631,True
4667,True
8272,True
6373,True
6314,True
4610,True
9570,False
5701,True
134,False
1312,False
8834,True
7921,True
435,False
1168,False
2878,True
4087,True
2909,True
8207,False
7917,True
9394,True
6190,True
10139,True
3232,True
3478,True
7913,True
3300,True
1467,False
383,False
5381,True
3567,True
6405,True
5626,True
2261,False
8329,True
8328,True
6717,True
2532,True
8125,True
3876,True
7291,True
3582,True
4912,True
425,False
8318,False
6355,True
3350,True
2458,True
5186,True
1421,False
8468,True
3688,True
9421,True
5657,True
10107,False
5280,True
1436,False
6011,True
9699,False
2931,True
8126,True
5081,True
1865,False
2506,True
8016,True
9814,True
4353,True
8259,False
5130,True
4369,True
9943,True
9072,True
6212,True
870,False
6277,True
2980,True
1777,False
2773,True
6264,True
7925,True
3213,True
7400,True
1501,False
8899,True
462,False
4872,True
8778,True
1240,False
6970,False
8482,True
5699,True
2130,False
3952,True
6569,True
5640,True
830,False
2775,True
4321,True
760,False
7660,True
7471,True
7372,True
9323,True
3577,True
2193,False
5737,True
7239,True
1205,False
8153,True
1978,False
1301,False
5622,True
401,False
9852,False
5932,True
8480,True
540,False
9491,True
9625,True
9517,True
8497,True
8154,True
4996,True
3703,True
5124,True
8990,True
1566,False
7077,True
3455,True
3283,True
6245,True
7887,True
8916,True
4532,True
6799,True
4332,True
2149,False
4268,True
8465,True
1321,False
7657,True
6870,False
1649,False
6197,True
1833,False
527,False
6993,False
3765,True
5009,False
4247,True
9116,True
5899,True
5708,True
8964,True
1727,False
5727,True
771,False
5826,True
4000,True
8618,True
7307,True
5723,True
1974,False
1598,False
10173,True
3326,True
2468,True
8351,True
9441,True
9033,True
6877,True
4248,True
5876,True
2362,False
2223,False
8285,True
3708,True
4535,False
8027,True
229,False
3090,True
930,False
6879,True
4161,True
6231,True
2776,True
7832,True
4362,True
8972,True
7390,True
1748,False
3653,True
4177,True
3038,True
8938,True
4994,True
3011,True
4055,True
5138,True
1043,False
1428,False
1047,False
8746,True
3628,True
4567,True
7902,True
1996,False
9523,False
9475,False
4281,True
5598,True
7165,True
503,False
1812,False
7731,True
2470,True
2948,True
7668,True
8470,True
7329,False
4820,True
1127,False
4681,True
8491,True
971,False
4233,True
2424,True
7269,True
6483,True
6878,True
3295,True
9077,True
7419,True
5680,True
391,False
10130,True
2926,True
6952,True
5784,True
3640,True
3052,True
8801,True
9749,False
5242,True
899,False
6980,True
831,False
1788,False
4097,True
592,False
3258,True
6332,True
2002,False
3501,True
4663,True
10169,True
3593,True
4385,True
7741,True
8013,True
2732,True
6734,True
7061,True
8300,True
9021,True
3042,True
1471,False
7134,True
5164,True
2803,True
5496,True
9514,True
4565,True
2452,True
10168,True
9169,True
9042,True
9933,True
6901,True
1689,False
4800,True
2596,True
2057,False
7407,False
5140,True
1718,False
2697,True
41,False
3558,True
7983,True
5241,True
1039,False
2499,False
9189,True
9492,True
176,False
2146,False
1606,False
7500,True
8147,True
5340,True
9990,True
5983,True
7440,True
8237,True
9483,True
6395,True
1520,False
9709,True
3548,True
8087,True
1184,False
10010,True
418,False
6690,True
1267,False
5058,True
3995,True
7356,True
6960,True
7141,True
6109,True
4642,True
2745,True
5504,True
7266,True
5735,True
7901,True
6727,True
8730,True
7261,True
3718,True
5523,True
99,False
7604,True
8728,True
2765,True
9303,True
6259,True
1872,False
4402,True
5163,True
4515,True
4116,True
9779,True
7047,True
8903,True
892,False
8066,True
6755,True
8192,True
10,False
353,False
4690,True
7543,True
5819,True
9791,True
7970,True
8327,True
4508,True
4272,True
9724,True
7339,False
7338,False
4255,True
5151,True
5152,True
7936,True
4305,True
7822,True
6377,True
8044,True
4992,True
2033,False
9224,True
924,False
8478,True
1864,False
2157,False
7306,True
2128,False
7182,True
3634,True
1413,False
3409,True
642,False
9436,True
7655,True
5039,True
1003,False
423,False
6135,True
7108,True
4494,True
5414,True
1697,False
9860,True
7295,True
2178,False
8440,True
7721,True
7593,True
151,False
4684,True
2929,True
794,False
7007,True
1870,False
2799,False
6039,True
4736,True
9929,True
4046,True
6452,True
640,False
9176,True
9740,True
2795,True
8112,True
9696,True
4984,True
6128,True
2142,False
4882,True
3566,True
6113,True
287,False
3642,True
8542,True
3709,True
8072,True
3075,True
7487,True
5210,True
6640,True
6198,True
4938,True
6325,True
2601,True
2204,False
9692,True
3657,True
8999,True
588,False
6279,True
3215,True
5337,True
9388,True
4836,True
2964,True
7232,True
3832,True
1195,False
7991,True
494,False
1313,False
7076,True
4252,True
8709,True
8183,True
8725,True
3064,False
9741,True
1423,False
5906,True
5803,True
1732,False
3817,True
9136,True
8363,True
9821,True
4757,True
10026,True
7699,True
6696,True
2036,False
7555,True
635,False
29,False
2727,True
1660,False
2221,False
4354,True
5057,True
9825,True
5575,True
2185,False
7452,True
5304,True
8807,True
5894,True
8342,True
8069,True
6622,True
8297,True
3035,True
4983,True
124,False
6513,True
9149,True
7136,False
6320,True
5298,True
3017,True
7231,True
5765,True
1369,False
8090,True
3355,True
5270,False
7729,True
4238,True
6974,True
1813,False
1609,False
9793,True
6556,True
2445,True
897,False
3488,True
4625,True
2528,True
4002,True
9600,True
2527,True
6855,False
4566,True
1469,False
6237,True
6880,True
775,False
5358,True
9281,True
8870,True
8677,False
7859,False
2465,False
8373,True
4317,True
2561,True
2431,True
7258,False
2774,True
3470,True
4650,True
1663,False
3309,True
8889,True
8858,True
9627,False
6400,True
8543,True
3400,True
5398,True
1779,False
307,False
8353,False
4766,True
7380,True
2125,False
8054,True
8345,True
3259,True
1397,False
5007,True
1326,False
1375,False
275,False
4463,True
1203,False
646,False
9367,True
1388,False
2450,True
2228,False
8213,True
8230,True
3649,True
9264,False
2147,False
5416,True
7814,True
9807,True
7347,False
5299,True
10067,True
439,False
8311,False
7801,True
6425,True
7871,True
1333,False
3003,True
4367,True
4564,True
5206,True
8659,True
7250,True
140,False
1860,False
5887,True
6033,True
8766,True
6379,True
2192,False
7556,True
7691,True
1615,False
9392,True
623,False
5352,True
8952,True
1293,False
5609,True
711,False
7262,True
3924,True
6897,False
8244,True
7221,False
8597,True
4275,True
3613,True
8638,False
4602,True
4827,True
4470,True
26,False
8876,True
8741,True
2477,False
5296,True
2703,True
4324,True
742,False
5966,True
4802,True
8246,True
7838,True
7366,True
2568,True
847,False
1830,False
9603,True
204,False
9886,False
3223,True
4178,True
1389,False
4023,True
8888,True
3499,True
6298,True
6609,True
291,False
7328,True
6441,True
2313,False
4190,True
5528,True
4378,True
7955,True
5012,True
3964,True
284,False
2225,False
4066,True
5686,True
4662,True
4086,True
4634,True
9337,True
1211,False
6326,True
300,False
9330,True
528,False
9188,True
5923,True
3239,True
4652,True
1204,False
6085,True
5393,True
9058,True
3111,True
4101,True
1378,False
2085,False
1746,False
6710,True
1816,False
579,False
7778,True
8842,True
8517,True
2333,False
4052,True
9552,True
8756,True
1443,False
7567,True
9971,False
1696,False
1347,False
5395,True
958,False
3227,True
1994,False
7492,True
6804,True
4214,True
9286,True
6096,True
265,False
3563,True
8850,True
4030,True
2895,True
7055,True
3480,True
6455,True
726,False
3715,True
5576,True
5757,True
4855,True
3844,True
8350,True
2304,False
6725,False
7242,True
9259,False
9266,True
5465,True
7687,True
9574,True
5386,True
2954,True
1087,False
2482,True
5233,True
1971,False
868,False
10043,True
3518,True
5548,True
2914,True
2836,False
3352,True
4975,True
9218,True
945,False
6948,True
1969,False
7962,True
4020,True
4600,True
3815,True
5941,True
982,False
1190,False
9872,True
5350,True
8953,True
5037,True
2541,True
10093,True
6915,True
9931,True
9809,True
1057,False
3446,True
671,False
9532,True
9733,True
150,False
754,False
3664,True
6088,True
6711,True
4077,True
2195,False
4219,True
261,False
9066,True
6281,True
3260,True
6204,True
3828,True
5613,True
8731,True
6579,True
8788,True
7620,True
4484,True
2337,False
357,False
7234,True
9913,True
6775,True
6249,True
2714,True
9811,True
7659,True
7885,True
9086,True
8088,True
1049,False
7410,True
3108,False
2133,False
9557,True
9423,True
6252,True
9297,True
393,False
7345,True
4328,True
10009,True
6894,True
3989,True
7854,True
9205,True
6962,True
8343,True
116,False
3063,False
1412,False
2006,False
5511,True
6699,False
6368,True
6159,True
6241,True
4250,True
672,False
3137,True
5349,True
9761,True
3461,True
6217,True
795,False
4115,True
6383,True
5870,True
9561,True
5751,True
884,False
1988,False
9738,True
8557,True
10008,False
2244,False
7706,True
8617,True
876,False
9488,True
6057,True
7972,True
9924,True
2747,True
3571,True
6328,True
4439,True
3302,True
7281,True
811,False
8334,True
6772,True
7870,True
3357,True
4287,True
2212,False
638,False
801,False
4790,True
8008,True
4885,True
8660,True
8995,True
5211,True
5230,True
2750,False
802,False
1857,False
3562,True
1685,False
7226,True
1625,False
1270,False
3869,True
6016,True
5618,True
7142,True
4430,True
5516,True
3233,True
4072,True
2135,False
7125,True
1648,False
456,False
6845,True
3795,True
9983,True
2054,False
18,False
5351,True
5641,True
6647,True
5362,True
6244,True
1617,False
2014,False
3221,True
5323,True
7138,True
9499,True
4286,True
8079,True
9484,True
6115,True
7427,True
4620,True
7456,True
5951,True
4954,True
2575,True
6790,True
5617,True
1863,False
463,False
2787,True
3767,True
3739,True
8636,True
8856,True
5949,True
1540,False
4552,True
4008,True
548,False
2522,True
6509,True
6942,True
8994,True
3182,True
846,False
6163,True
3077,True
1935,False
6532,True
4554,True
5668,True
9380,True
4902,True
3850,False
9936,False
3565,True
3615,True
4768,True
9736,True
85,False
9843,True
9302,True
1524,False
8694,True
3755,True
7009,True
6784,True
6309,True
6585,True
9512,True
3104,True
2444,True
7381,True
4850,True
8837,True
6376,True
1726,False
213,False
2428,True
9742,True
2493,True
5220,True
7828,False
8051,True
1194,False
7798,True
766,False
4837,True
337,False
5534,True
4426,True
9068,True
6837,True
5764,True
606,False
8501,True
4685,True
6351,True
1264,False
3276,True
8726,True
7035,True
3375,True
5604,True
6510,True
1307,False
997,False
1749,False
10155,False
74,False
1902,False
4841,True
4227,True
5003,True
598,False
6409,False
9624,True
9069,True
5391,True
8245,True
6001,True
9932,False
6445,True
9901,True
590,False
10074,True
4456,True
8552,True
566,False
5287,True
2993,True
6220,True
2167,False
6347,True
6673,True
7171,True
552,False
7305,False
7106,True
2217,False
6092,True
1317,False
7809,True
4207,True
4389,True
3666,True
9560,True
319,False
480,False
10027,True
1170,False
5615,True
5550,True
1608,False
1936,False
2911,True
4943,True
1005,False
5444,True
8703,True
6168,True
8508,True
9075,True
6343,True
5632,True
8240,True
807,False
5437,True
4394,True
2817,True
8839,True
62,False
1941,False
2967,True
5602,True
3808,True
7176,True
2743,True
8264,True
6017,True
809,False
4474,True
4967,True
1434,False
5838,True
6371,True
1947,False
7686,True
6926,True
8589,True
1426,False
6564,True
8398,True
5725,True
7152,True
818,False
7461,True
9541,True
1130,False
8816,True
3340,True
7867,True
7377,True
4544,True
5687,True
10014,True
504,False
9665,True
4184,True
1121,False
479,False
7491,False
6229,True
6056,True
5597,True
1691,False
4476,False
2936,True
7039,True
3282,True
5531,True
7391,True
5400,True
9444,True
6810,True
4316,True
7137,True
9050,True
6484,True
3473,True
5501,True
328,False
6074,True
454,False
3919,True
2825,True
1926,False
10180,False
5213,True
304,False
5821,True
9001,True
5969,True
6297,True
2704,True
1095,False
4090,True
5643,True
8028,True
925,False
1567,False
2403,True
6188,True
71,False
7518,True
1223,False
5520,True
6127,True
7425,True
149,False
9300,True
3053,True
4969,True
8275,True
1108,False
821,False
7785,False
4968,True
6364,True
7898,True
2488,True
4473,True
6753,True
1298,False
3601,True
5310,True
6817,True
7587,True
3269,True
9257,True
9145,True
674,False
2019,False
5480,True
7988,True
4154,True
5767,True
1703,False
61,False
8775,True
7090,True
3377,True
6703,True
8818,True
9628,True
1061,False
2755,True
7821,True
